<metadata xml:lang="pl"><Esri><CreaDate>20210723</CreaDate><CreaTime>12473000</CreaTime><ArcGISFormat>1.0</ArcGISFormat><SyncOnce>FALSE</SyncOnce><DataProperties><lineage><Process ToolSource="c:\program files (x86)\arcgis\desktop10.8\ArcToolbox\Toolboxes\Conversion Tools.tbx\RasterToPolygon" Date="20210723" Time="124730">RasterToPolygon NUTS2010_c.tif D:\HANZE2_products\Admin\NUTS_baseline\NUTS2010_c_100m.shp NO_SIMPLIFY Value MULTIPLE_OUTER_PART #</Process><Process ToolSource="c:\program files (x86)\arcgis\desktop10.8\ArcToolbox\Toolboxes\Analysis Tools.tbx\Erase" Date="20210723" Time="133136">Erase NUTS2010_c_100m Cyprus_100m D:\HANZE2_products\Admin\NUTS_baseline\NUTS2010_final_100m.shp #</Process><Process ToolSource="c:\program files (x86)\arcgis\desktop10.8\ArcToolbox\Toolboxes\Data Management Tools.tbx\CalculateField" Date="20210726" Time="151050">CalculateField NUTS2010_final_100m Country [Code] VB #</Process><Process ToolSource="c:\program files (x86)\arcgis\desktop10.8\ArcToolbox\Toolboxes\Data Management Tools.tbx\CalculateField" Date="20210726" Time="151106">CalculateField NUTS2010_final_100m Country "AT" VB #</Process><Process ToolSource="c:\program files (x86)\arcgis\desktop10.8\ArcToolbox\Toolboxes\Data Management Tools.tbx\CalculateField" Date="20210726" Time="151207">CalculateField NUTS2010_final_100m Country !Code![:-3] PYTHON_9.3 #</Process><Process ToolSource="c:\program files (x86)\arcgis\desktop10.7\ArcToolbox\Toolboxes\Data Management Tools.tbx\AddGeometryAttributes" Date="20210927" Time="172748">AddGeometryAttributes NUTS2010_final_100m EXTENT # # #</Process><Process ToolSource="c:\program files (x86)\arcgis\desktop10.7\ArcToolbox\Toolboxes\Data Management Tools.tbx\Merge" Date="20211006" Time="142508">Merge NUTS2010_final_100m;NUTS2010_final_100m_Buffer_E2 C:\HANZE2_products\Admin\NUTS_baseline\NUTS2010_final1_100m.shp "Id "Id" true true false 10 Long 0 10 ,First,#,NUTS2010_final_100m,Id,-1,-1;gridcode "gridcode" true true false 10 Long 0 10 ,First,#,NUTS2010_final_100m,gridcode,-1,-1;Code "Code" true true false 5 Text 0 0 ,First,#,NUTS2010_final_100m,Code,-1,-1;Name "Name" true true false 254 Text 0 0 ,First,#,NUTS2010_final_100m,Name,-1,-1;Area_ha "Area_ha" true true false 10 Long 0 10 ,First,#,NUTS2010_final_100m,Area_ha,-1,-1;Country "Country" true true false 2 Text 0 0 ,First,#,NUTS2010_final_100m,Country,-1,-1;EXT_MIN_X "EXT_MIN_X" true true false 19 Double 0 0 ,First,#,NUTS2010_final_100m,EXT_MIN_X,-1,-1;EXT_MIN_Y "EXT_MIN_Y" true true false 19 Double 0 0 ,First,#,NUTS2010_final_100m,EXT_MIN_Y,-1,-1;EXT_MAX_X "EXT_MAX_X" true true false 19 Double 0 0 ,First,#,NUTS2010_final_100m,EXT_MAX_X,-1,-1;EXT_MAX_Y "EXT_MAX_Y" true true false 19 Double 0 0 ,First,#,NUTS2010_final_100m,EXT_MAX_Y,-1,-1"</Process><Process ToolSource="c:\program files (x86)\arcgis\desktop10.8\ArcToolbox\Toolboxes\Data Management Tools.tbx\Merge" Date="20211010" Time="192807">Merge NUTS2010_final_100m;DE_correction2 D:\HANZE2_products\Admin\NUTS_baseline\NUTS2010_final_100m_v2.shp "Id "Id" true true false 10 Long 0 10 ,First,#,NUTS2010_final_100m,Id,-1,-1;gridcode "gridcode" true true false 10 Long 0 10 ,First,#,NUTS2010_final_100m,gridcode,-1,-1;Code "Code" true true false 5 Text 0 0 ,First,#,NUTS2010_final_100m,Code,-1,-1;Name "Name" true true false 254 Text 0 0 ,First,#,NUTS2010_final_100m,Name,-1,-1;Area_ha "Area_ha" true true false 10 Long 0 10 ,First,#,NUTS2010_final_100m,Area_ha,-1,-1;Country "Country" true true false 2 Text 0 0 ,First,#,NUTS2010_final_100m,Country,-1,-1;EXT_MIN_X "EXT_MIN_X" true true false 19 Double 0 0 ,First,#,NUTS2010_final_100m,EXT_MIN_X,-1,-1;EXT_MIN_Y "EXT_MIN_Y" true true false 19 Double 0 0 ,First,#,NUTS2010_final_100m,EXT_MIN_Y,-1,-1;EXT_MAX_X "EXT_MAX_X" true true false 19 Double 0 0 ,First,#,NUTS2010_final_100m,EXT_MAX_X,-1,-1;EXT_MAX_Y "EXT_MAX_Y" true true false 19 Double 0 0 ,First,#,NUTS2010_final_100m,EXT_MAX_Y,-1,-1;gridcode_1 "gridcode_1" true true false 10 Long 0 10 ,First,#,DE_correction2,DE_correction2.gridcode,-1,-1;DE_regions "DE_regions" false true false 4 Long 0 9 ,First,#,DE_correction2,DE_regions_for_correction.FID,-1,-1;DE_regio_1 "DE_regio_1" true true false 254 Text 0 0 ,First,#,DE_correction2,DE_regions_for_correction.NUTS,-1,-1;DE_regio_2 "DE_regio_2" true true false 254 Text 0 0 ,First,#,DE_correction2,DE_regions_for_correction.NAME,-1,-1;DE_regio_3 "DE_regio_3" true true false 254 Text 0 0 ,First,#,DE_correction2,DE_regions_for_correction.NUTS0,-1,-1;DE_regio_4 "DE_regio_4" true true false 4 Short 0 4 ,First,#,DE_correction2,DE_regions_for_correction.ID,-1,-1"</Process><Process ToolSource="c:\program files (x86)\arcgis\desktop10.8\ArcToolbox\Toolboxes\Data Management Tools.tbx\CalculateField" Date="20211010" Time="192836">CalculateField NUTS2010_final_100m_v2 Id [gridcode_1] VB #</Process><Process ToolSource="c:\program files (x86)\arcgis\desktop10.8\ArcToolbox\Toolboxes\Data Management Tools.tbx\CalculateField" Date="20211010" Time="192839">CalculateField NUTS2010_final_100m_v2 gridcode [gridcode_1] VB #</Process><Process ToolSource="c:\program files (x86)\arcgis\desktop10.8\ArcToolbox\Toolboxes\Data Management Tools.tbx\CalculateField" Date="20211010" Time="192846">CalculateField NUTS2010_final_100m_v2 Code [DE_regio_1] VB #</Process><Process ToolSource="c:\program files (x86)\arcgis\desktop10.8\ArcToolbox\Toolboxes\Data Management Tools.tbx\CalculateField" Date="20211010" Time="192855">CalculateField NUTS2010_final_100m_v2 Name [DE_regio_2] VB #</Process><Process ToolSource="c:\program files (x86)\arcgis\desktop10.8\ArcToolbox\Toolboxes\Data Management Tools.tbx\CalculateField" Date="20211010" Time="192903">CalculateField NUTS2010_final_100m_v2 Country [DE_regio_3] VB #</Process><Process ToolSource="c:\program files (x86)\arcgis\desktop10.7\ArcToolbox\Toolboxes\Data Management Tools.tbx\Merge" Date="20211111" Time="114131">Merge NUTS2010_final_100m;Border_errors_NUTS2010_2 C:\Users\dominikp\Documents\ArcGIS\Default.gdb\NUTS2010_final_100m_Merge "Id "Id" true true false 10 Long 0 10 ,First,#,NUTS2010_final_100m,Id,-1,-1,Border_errors_NUTS2010_2,Id,-1,-1;gridcode "gridcode" true true false 10 Long 0 10 ,First,#,NUTS2010_final_100m,gridcode,-1,-1,Border_errors_NUTS2010_2,gridcode,-1,-1;Code "Code" true true false 5 Text 0 0 ,First,#,NUTS2010_final_100m,Code,-1,-1,Border_errors_NUTS2010_2,Code,-1,-1;Name "Name" true true false 254 Text 0 0 ,First,#,NUTS2010_final_100m,Name,-1,-1,Border_errors_NUTS2010_2,Name,-1,-1;Area_ha "Area_ha" true true false 10 Long 0 10 ,First,#,NUTS2010_final_100m,Area_ha,-1,-1,Border_errors_NUTS2010_2,Area_ha,-1,-1;Country "Country" true true false 2 Text 0 0 ,First,#,NUTS2010_final_100m,Country,-1,-1,Border_errors_NUTS2010_2,Country,-1,-1;EXT_MIN_X "EXT_MIN_X" true true false 19 Double 0 0 ,First,#,NUTS2010_final_100m,EXT_MIN_X,-1,-1,Border_errors_NUTS2010_2,EXT_MIN_X,-1,-1;EXT_MIN_Y "EXT_MIN_Y" true true false 19 Double 0 0 ,First,#,NUTS2010_final_100m,EXT_MIN_Y,-1,-1,Border_errors_NUTS2010_2,EXT_MIN_Y,-1,-1;EXT_MAX_X "EXT_MAX_X" true true false 19 Double 0 0 ,First,#,NUTS2010_final_100m,EXT_MAX_X,-1,-1,Border_errors_NUTS2010_2,EXT_MAX_X,-1,-1;EXT_MAX_Y "EXT_MAX_Y" true true false 19 Double 0 0 ,First,#,NUTS2010_final_100m,EXT_MAX_Y,-1,-1,Border_errors_NUTS2010_2,EXT_MAX_Y,-1,-1"</Process><Process ToolSource="c:\program files (x86)\arcgis\desktop10.7\ArcToolbox\Toolboxes\Data Management Tools.tbx\Dissolve" Date="20211111" Time="114241">Dissolve NUTS2010_final_100m_Merge C:\HANZE2_products\Admin\NUTS_baseline\NUTS2010_final_100m_v2.shp Id;gridcode;Code;Name;Area_ha;Country;EXT_MIN_X;EXT_MIN_Y;EXT_MAX_X;EXT_MAX_Y # MULTI_PART DISSOLVE_LINES</Process><Process ToolSource="c:\program files (x86)\arcgis\desktop10.7\ArcToolbox\Toolboxes\Data Management Tools.tbx\AddGeometryAttributes" Date="20211111" Time="122108">AddGeometryAttributes NUTS2010_final_100m_v2 EXTENT # # #</Process><Process ToolSource="c:\program files (x86)\arcgis\desktop10.8\ArcToolbox\Toolboxes\Cartography Tools.tbx\SimplifyPolygon" Date="20230804" Time="144049">SimplifyPolygon NUTS2010_final_100m C:\HANZE2_products\Flood_events\HANZEv1\Dataset_for_publication\Regions_v2010_simplified.shp POINT_REMOVE "300 Meters" "0 Hectares" RESOLVE_ERRORS NO_KEEP #</Process></lineage><itemProps><itemName Sync="TRUE">Regions_v2010_simplified</itemName><imsContentType Sync="TRUE">002</imsContentType><itemSize Sync="TRUE">0.000</itemSize><itemLocation><linkage Sync="TRUE">file://\\LT940\C$\HANZE2_products\Flood_events\HANZEv1\Dataset_for_publication\Regions_v2010_simplified.shp</linkage><protocol Sync="TRUE">Local Area Network</protocol></itemLocation></itemProps><coordRef><type Sync="TRUE">Projected</type><geogcsn Sync="TRUE">GCS_ETRS_1989</geogcsn><csUnits Sync="TRUE">Linear Unit: Meter (1.000000)</csUnits><projcsn Sync="TRUE">ETRS_1989_LAEA</projcsn><peXml Sync="TRUE">&lt;ProjectedCoordinateSystem xsi:type='typens:ProjectedCoordinateSystem' xmlns:xsi='http://www.w3.org/2001/XMLSchema-instance' xmlns:xs='http://www.w3.org/2001/XMLSchema' xmlns:typens='http://www.esri.com/schemas/ArcGIS/10.8'&gt;&lt;WKT&gt;PROJCS[&amp;quot;ETRS_1989_LAEA&amp;quot;,GEOGCS[&amp;quot;GCS_ETRS_1989&amp;quot;,DATUM[&amp;quot;D_ETRS_1989&amp;quot;,SPHEROID[&amp;quot;GRS_1980&amp;quot;,6378137.0,298.257222101]],PRIMEM[&amp;quot;Greenwich&amp;quot;,0.0],UNIT[&amp;quot;Degree&amp;quot;,0.0174532925199433]],PROJECTION[&amp;quot;Lambert_Azimuthal_Equal_Area&amp;quot;],PARAMETER[&amp;quot;False_Easting&amp;quot;,4321000.0],PARAMETER[&amp;quot;False_Northing&amp;quot;,3210000.0],PARAMETER[&amp;quot;Central_Meridian&amp;quot;,10.0],PARAMETER[&amp;quot;Latitude_Of_Origin&amp;quot;,52.0],UNIT[&amp;quot;Meter&amp;quot;,1.0],AUTHORITY[&amp;quot;EPSG&amp;quot;,3035]]&lt;/WKT&gt;&lt;XOrigin&gt;-8426600&lt;/XOrigin&gt;&lt;YOrigin&gt;-9526700&lt;/YOrigin&gt;&lt;XYScale&gt;353290001.83332509&lt;/XYScale&gt;&lt;ZOrigin&gt;-100000&lt;/ZOrigin&gt;&lt;ZScale&gt;10000&lt;/ZScale&gt;&lt;MOrigin&gt;-100000&lt;/MOrigin&gt;&lt;MScale&gt;10000&lt;/MScale&gt;&lt;XYTolerance&gt;0.001&lt;/XYTolerance&gt;&lt;ZTolerance&gt;0.001&lt;/ZTolerance&gt;&lt;MTolerance&gt;0.001&lt;/MTolerance&gt;&lt;HighPrecision&gt;true&lt;/HighPrecision&gt;&lt;WKID&gt;3035&lt;/WKID&gt;&lt;LatestWKID&gt;3035&lt;/LatestWKID&gt;&lt;/ProjectedCoordinateSystem&gt;</peXml></coordRef></DataProperties><SyncDate>20230804</SyncDate><SyncTime>14364600</SyncTime><ModDate>20230804</ModDate><ModTime>14364600</ModTime></Esri><dataIdInfo><envirDesc Sync="TRUE"> Version 6.2 (Build 9200) ; Esri ArcGIS 10.8.1.14362</envirDesc><dataLang><languageCode value="eng" Sync="TRUE"></languageCode><countryCode value="GBR" Sync="TRUE"></countryCode></dataLang><idCitation><resTitle Sync="TRUE">Regions_v2010_simplified</resTitle><presForm><PresFormCd value="005" Sync="TRUE"></PresFormCd></presForm></idCitation><spatRpType><SpatRepTypCd value="001" Sync="TRUE"></SpatRepTypCd></spatRpType></dataIdInfo><mdLang><languageCode value="eng" Sync="TRUE"></languageCode><countryCode value="GBR" Sync="TRUE"></countryCode></mdLang><mdChar><CharSetCd value="004" Sync="TRUE"></CharSetCd></mdChar><distInfo><distFormat><formatName Sync="TRUE">Shapefile</formatName></distFormat><distTranOps><transSize Sync="TRUE">0.000</transSize></distTranOps></distInfo><mdHrLv><ScopeCd value="005" Sync="TRUE"></ScopeCd></mdHrLv><mdHrLvName Sync="TRUE">dataset</mdHrLvName><refSysInfo><RefSystem><refSysID><identCode code="3035" Sync="TRUE"></identCode><idCodeSpace Sync="TRUE">EPSG</idCodeSpace><idVersion Sync="TRUE">9.7(9.0.0)</idVersion></refSysID></RefSystem></refSysInfo><spatRepInfo><VectSpatRep><geometObjs Name="Regions_v2010_simplified"><geoObjTyp><GeoObjTypCd value="002" Sync="TRUE"></GeoObjTypCd></geoObjTyp><geoObjCnt Sync="TRUE">0</geoObjCnt></geometObjs><topLvl><TopoLevCd value="001" Sync="TRUE"></TopoLevCd></topLvl></VectSpatRep></spatRepInfo><spdoinfo><ptvctinf><esriterm Name="Regions_v2010_simplified"><efeatyp Sync="TRUE">Simple</efeatyp><efeageom code="4" Sync="TRUE"></efeageom><esritopo Sync="TRUE">FALSE</esritopo><efeacnt Sync="TRUE">0</efeacnt><spindex Sync="TRUE">FALSE</spindex><linrefer Sync="TRUE">FALSE</linrefer></esriterm></ptvctinf></spdoinfo><eainfo><detailed Name="Regions_v2010_simplified"><enttyp><enttypl Sync="TRUE">Regions_v2010_simplified</enttypl><enttypt Sync="TRUE">Feature Class</enttypt><enttypc Sync="TRUE">0</enttypc></enttyp><attr><attrlabl Sync="TRUE">FID</attrlabl><attalias Sync="TRUE">FID</attalias><attrtype Sync="TRUE">OID</attrtype><attwidth Sync="TRUE">4</attwidth><atprecis Sync="TRUE">0</atprecis><attscale Sync="TRUE">0</attscale><attrdef Sync="TRUE">Internal feature number.</attrdef><attrdefs Sync="TRUE">Esri</attrdefs><attrdomv><udom Sync="TRUE">Sequential unique whole numbers that are automatically generated.</udom></attrdomv></attr><attr><attrlabl Sync="TRUE">Shape</attrlabl><attalias Sync="TRUE">Shape</attalias><attrtype Sync="TRUE">Geometry</attrtype><attwidth Sync="TRUE">0</attwidth><atprecis Sync="TRUE">0</atprecis><attscale Sync="TRUE">0</attscale><attrdef Sync="TRUE">Feature geometry.</attrdef><attrdefs Sync="TRUE">Esri</attrdefs><attrdomv><udom Sync="TRUE">Coordinates defining the features.</udom></attrdomv></attr><attr><attrlabl Sync="TRUE">Id</attrlabl><attalias Sync="TRUE">Id</attalias><attrtype Sync="TRUE">Integer</attrtype><attwidth Sync="TRUE">10</attwidth><atprecis Sync="TRUE">10</atprecis><attscale Sync="TRUE">0</attscale></attr><attr><attrlabl Sync="TRUE">gridcode</attrlabl><attalias Sync="TRUE">gridcode</attalias><attrtype Sync="TRUE">Integer</attrtype><attwidth Sync="TRUE">10</attwidth><atprecis Sync="TRUE">10</atprecis><attscale Sync="TRUE">0</attscale></attr><attr><attrlabl Sync="TRUE">Code</attrlabl><attalias Sync="TRUE">Code</attalias><attrtype Sync="TRUE">String</attrtype><attwidth Sync="TRUE">5</attwidth><atprecis Sync="TRUE">0</atprecis><attscale Sync="TRUE">0</attscale></attr><attr><attrlabl Sync="TRUE">Name</attrlabl><attalias Sync="TRUE">Name</attalias><attrtype Sync="TRUE">String</attrtype><attwidth Sync="TRUE">254</attwidth><atprecis Sync="TRUE">0</atprecis><attscale Sync="TRUE">0</attscale></attr><attr><attrlabl Sync="TRUE">Area_ha</attrlabl><attalias Sync="TRUE">Area_ha</attalias><attrtype Sync="TRUE">Integer</attrtype><attwidth Sync="TRUE">10</attwidth><atprecis Sync="TRUE">10</atprecis><attscale Sync="TRUE">0</attscale></attr><attr><attrlabl Sync="TRUE">Country</attrlabl><attalias Sync="TRUE">Country</attalias><attrtype Sync="TRUE">String</attrtype><attwidth Sync="TRUE">2</attwidth><atprecis Sync="TRUE">0</atprecis><attscale Sync="TRUE">0</attscale></attr><attr><attrlabl Sync="TRUE">EXT_MIN_X</attrlabl><attalias Sync="TRUE">EXT_MIN_X</attalias><attrtype Sync="TRUE">Double</attrtype><attwidth Sync="TRUE">19</attwidth><atprecis Sync="TRUE">0</atprecis><attscale Sync="TRUE">0</attscale></attr><attr><attrlabl Sync="TRUE">EXT_MIN_Y</attrlabl><attalias Sync="TRUE">EXT_MIN_Y</attalias><attrtype Sync="TRUE">Double</attrtype><attwidth Sync="TRUE">19</attwidth><atprecis Sync="TRUE">0</atprecis><attscale Sync="TRUE">0</attscale></attr><attr><attrlabl Sync="TRUE">EXT_MAX_X</attrlabl><attalias Sync="TRUE">EXT_MAX_X</attalias><attrtype Sync="TRUE">Double</attrtype><attwidth Sync="TRUE">19</attwidth><atprecis Sync="TRUE">0</atprecis><attscale Sync="TRUE">0</attscale></attr><attr><attrlabl Sync="TRUE">EXT_MAX_Y</attrlabl><attalias Sync="TRUE">EXT_MAX_Y</attalias><attrtype Sync="TRUE">Double</attrtype><attwidth Sync="TRUE">19</attwidth><atprecis Sync="TRUE">0</atprecis><attscale Sync="TRUE">0</attscale></attr></detailed></eainfo><mdDateSt Sync="TRUE">20230804</mdDateSt></metadata>
