Code,1870,1871,1872,1873,1874,1875,1876,1877,1878,1879,1880,1881,1882,1883,1884,1885,1886,1887,1888,1889,1890,1891,1892,1893,1894,1895,1896,1897,1898,1899,1900,1901,1902,1903,1904,1905,1906,1907,1908,1909,1910,1911,1912,1913,1914,1915,1916,1917,1918,1919,1920,1921,1922,1923,1924,1925,1926,1927,1928,1929,1930,1931,1932,1933,1934,1935,1936,1937,1938,1939,1940,1941,1942,1943,1944,1945,1946,1947,1948,1949,1950,1951,1952,1953,1954,1955,1956,1957,1958,1959,1960,1961,1962,1963,1964,1965,1966,1967,1968,1969,1970,1971,1972,1973,1974,1975,1976,1977,1978,1979,1980,1981,1982,1983,1984,1985,1986,1987,1988,1989,1990,1991,1992,1993,1994,1995,1996,1997,1998,1999,2000,2001,2002,2003,2004,2005,2006,2007,2008,2009,2010,2011,2012,2013,2014,2015,2016,2017,2018,2019,2020
AL,,,,,,,,,,,,,,,,,,,,,,,,,,,,,,,,,,,,,,,,,,,,,,,,,,,,,,,,,,,,,,,,,,,,,,,,,,,,,2.71616095,2.71616095,2.71616095,2.71616095,2.71616095,2.71616095,2.71616095,2.71616095,2.71616095,2.71616095,2.71616095,2.71616095,2.71616095,2.71616095,2.71616095,2.71616095,2.71616095,2.71616095,2.71616095,2.71616095,2.71616095,2.71616095,2.71616095,2.71616095,2.71616095,2.686611279,2.657124478,2.628022879,2.599877041,2.570591329,2.542616204,2.517232507,2.484687323,2.46049271,2.442541143,2.389241438,2.388846996,2.388600729,2.387767757,2.396175083,2.34016577,2.34016577,2.34016577,2.34016577,2.34016577,3.1712581,10.55980276,23.8282831,32.36892858,35.59632706,49.18341039,54.71405769,58.39685357,59.62477952,62.99208617,65.39261616,67.77782328,71.30126479,73.54885147,75.98101498,77.86401808,81.2796645,84.62599197,86.67258728,90.56687842,92.66328059,93.62949804,93.89984552,95.35518076,95.89294859,95.28630433,96.66904621,98.09303248,99.32608783,100
AD,,,,,,,,,,,,,,,,,,,,,,,,,,,,,,,,,,,,,,,,,,,,,,,,,,,,,,,,,,,,,,,,,,,,,,,,,,,,,,,,,,,,,,,,,,,,,,,,,,,,,4.933189288,5.320248335,5.77342311,6.457550369,7.487213841,8.743701657,10.1855313,12.56722115,15.15996989,17.72680013,20.09418361,22.57605492,25.64240771,28.68981439,31.80688631,34.54084076,38.29847539,40.57501273,42.98359668,45.94782893,49.31408227,52.73408272,56.27294631,58.82618568,61.10854872,64.12311269,65.88668746,67.35474211,68.36476784,70.23247729,73.1272494,75.38025547,77.82223443,80.29497613,82.73778938,85.54801534,88.50524667,91.34732717,93.42506507,93.54828327,93.89863625,94.08355736,94.24737245,94.67027092,94.59090414,95.21554324,95.54685675,96.63265497,97.61096794,98.95298281,100
AT,0.000144252,0.00014919,0.000160801,0.000164682,0.000162775,0.000157707,0.000155442,0.000156171,0.000150045,0.000150067,0.000151144,0.000148179,0.000147149,0.00014682,0.000145259,0.000139843,0.000135121,0.000138829,0.000136921,0.000139399,0.000139773,0.000140675,0.000133849,0.000134924,0.000134243,0.000137778,0.000132181,0.000133431,0.000134682,0.000137688,0.000138589,0.000134573,0.000135824,0.000138303,0.000141135,0.000148706,0.000151009,0.000157352,0.000158427,0.00016038,0.000166898,0.000174294,0.000176773,0.000177673,0.000214612,0.00033861,0.000722527,0.00144267,0.002496653,0.005348609,0.010978598,0.02142305,0.56649945,1.621513107,1.836125136,1.913010018,1.879849824,1.970466473,1.979247728,2.018987567,1.986218753,1.935706833,1.989504939,1.94398461,1.919662856,1.914814769,1.896809825,1.897216909,1.875409818,1.897216909,1.962638182,1.984445273,1.984445273,2.006252364,2.006252364,2.006252364,2.178964847,4.275393148,6.966084588,7.558256099,8.38021623,10.42789709,12.04729894,11.92710328,12.34485163,12.82512185,13.38010851,14.00673476,14.05467826,14.33796723,14.94520164,15.70548702,16.2300822,16.82706782,17.36280602,18.28675306,18.85773244,19.47018681,20.02275694,20.57009359,21.89715053,23.25573177,25.02315147,27.03639961,29.60543602,31.51728873,33.29011083,35.02073848,37.11951481,38.64679731,40.80352078,43.54415176,45.87603683,47.46924572,49.81887484,51.29499216,52.80872686,54.09562044,54.92161256,56.54989212,58.24619787,60.36746036,62.46770998,64.19001691,65.81073301,67.00450529,67.66527902,68.5225968,68.82538402,69.00182579,69.94304651,71.30491371,72.12177184,73.06482848,74.33593286,76.22239943,77.66468881,79.38974436,80.94285724,82.47208387,83.19208964,84.71737973,86.45763957,87.86163368,89.77325105,91.83890883,93.53636227,94.47691289,96.17931013,97.73988572,100
BE,0.41771074,0.43700084,0.488087037,0.543777923,0.486288582,0.446515707,0.430163882,0.427159616,0.40997218,0.4012312,0.426670698,0.42693237,0.412915678,0.402740904,0.379323468,0.363587209,0.354564295,0.357638667,0.365909649,0.362490914,0.379196117,0.374006192,0.359813568,0.345762304,0.333151851,0.336997405,0.330500186,0.339272659,0.337899388,0.352876251,0.369460137,0.356167061,0.347038889,0.346815456,0.344126305,0.345837554,0.362978754,0.375074265,0.352146033,0.34776423,0.351133543,0.351942061,0.358854386,0.362456075,,,,,,,1.690460988,1.574680892,1.457802365,1.68730934,1.902968644,1.946350525,2.291065703,2.798533053,3.022791577,3.319542742,3.431721042,3.289509703,3.065496482,3.00487067,2.938071697,2.908663939,2.998452174,3.17898967,3.298593572,3.376870159,,,,,,,9.351014112,9.871865438,11.20932501,11.06003197,10.95593189,11.97129176,12.24657229,12.20164528,12.7926517,12.94202812,13.4208868,13.9058955,14.1087347,14.20098047,14.27474498,14.46294524,14.73887426,15.04324594,15.64408493,16.46704921,17.17188254,17.7223565,17.92654636,18.35577886,19.61039723,20.59327045,21.69877409,23.06947262,26.19490604,29.77156381,32.30427652,34.5961212,36.12907593,37.28272838,38.90612616,40.90515085,44.00231176,46.47166461,48.99959902,51.26716679,52.70099193,53.58853791,54.75087459,57.37750324,58.99120035,60.68816369,62.76643357,65.27284353,66.63985648,67.72046494,68.04323405,68.5587462,69.79667274,70.21468347,71.62924069,73.04950723,74.24752484,75.62116989,77.06930845,78.67471934,80.45647133,82.01066598,83.57612282,84.02173349,85.61149011,87.15874611,88.86803314,89.99777526,90.8821344,92.09121771,93.8601525,95.57804934,97.01941196,98.76074277,100
BA,,,,,,,,,,,,,,,,,,,,,,,,,,,,,,,,,,,,,,,,,,,,,,,,,,,,,,,,,,,,,,,,,,,,,,,,,,,,,,,,,6.13677E-07,6.21073E-07,2.80345E-06,2.84051E-06,3.13754E-06,3.29149E-06,3.56137E-06,3.58446E-06,3.47385E-06,3.67019E-06,3.78827E-06,4.50364E-06,4.84492E-06,5.2429E-06,6.1867E-06,7.81E-06,9.0054E-06,9.10097E-06,9.4866E-06,1.02007E-05,1.1477E-05,1.38719E-05,1.5811E-05,1.88096E-05,2.28661E-05,2.75027E-05,3.08052E-05,3.58455E-05,4.11492E-05,4.98473E-05,6.46772E-05,9.15302E-05,0.000117901,0.000165326,0.000254467,0.000455501,0.000864219,0.001919254,0.005888996,0.087568171,0.460574342,0.710042199,,,26.70658844,33.54108318,31.74711815,41.61317322,41.98845417,44.31253504,57.6041456,60.32690044,63.34789294,64.2413463,65.63015639,69.6920634,75.12813722,79.78303905,85.63679889,85.79555055,87.00263261,89.11891404,89.82771457,89.62673104,90.52291654,91.75939393,93.0503905,94.62875995,97.22901864,99.78744327,100
BG,,,,,,,,,,,,,,,,,,2.80119E-05,2.59871E-05,2.5818E-05,2.79021E-05,3.10116E-05,2.99641E-05,3.04903E-05,2.98946E-05,2.89868E-05,2.79185E-05,3.08014E-05,2.93816E-05,2.80381E-05,2.68469E-05,2.67439E-05,2.76026E-05,2.74616E-05,2.88308E-05,3.15097E-05,3.19148E-05,3.50916E-05,3.6645E-05,3.73918E-05,3.7321E-05,3.86425E-05,4.24262E-05,4.48701E-05,4.61359E-05,5.39676E-05,7.30647E-05,0.000122315,0.000233345,0.000445912,0.000597601,0.000654236,0.000880157,0.000934457,0.001005745,0.001067819,0.001081064,0.001138114,0.001199982,0.0011851,0.000920522,0.000824129,0.000753235,0.000679536,0.000701561,0.000679218,0.000671112,0.000730905,0.000788714,0.000829867,0.000956215,0.00119395,0.001535711,0.00185663,0.00284785,0.003976363,0.004524072,0.005148459,,,0.019164972,0.01994226,0.021679756,0.022183673,0.022022111,0.02139929,0.020811603,0.021997459,0.021983864,0.024649177,0.023951816,0.023622722,0.023876311,0.025126128,0.025457313,0.025687949,0.026098055,0.026057221,0.028605346,0.029807888,0.03175222,0.029365186,0.029450235,0.029431527,0.029483016,0.029576667,0.029440409,0.028323059,0.032442748,0.035694842,0.039619488,0.04073713,0.041517846,0.041249943,0.042378984,0.042475582,0.043047357,0.043074964,0.040753333,0.043495684,0.054885886,0.197397398,0.314960111,0.475855461,0.821656573,1.727824195,2.815667176,28.52926183,38.21515382,39.48356324,42.39783974,44.99161125,46.72303457,47.74601426,50.41095903,53.73519877,57.36579035,63.70350989,68.86375842,71.57569175,72.12264306,76.53141037,77.38258736,77.43824378,78.47657867,80.78908822,83.47300381,87.48818847,91.19135557,95.96679395,100
HR,,,,,,,,,,,,,,,,,,,,,,,,,,,,,,,,,,,,,,,,,,,,,,,,,,,,,,,,,,,,,,,,,,,,,,,,,,,,,,,,,1.35428E-07,1.3706E-07,6.18675E-07,6.26853E-07,6.92403E-07,7.26377E-07,7.85935E-07,7.91029E-07,7.6662E-07,8.0995E-07,8.36009E-07,9.93879E-07,1.06919E-06,1.15702E-06,1.3653E-06,1.72354E-06,1.98734E-06,2.00843E-06,2.09353E-06,2.25111E-06,2.53279E-06,3.0613E-06,3.48922E-06,4.15097E-06,5.04617E-06,6.06938E-06,6.79819E-06,7.9105E-06,9.08093E-06,1.10005E-05,1.42732E-05,2.01992E-05,2.60188E-05,3.64847E-05,5.61566E-05,0.000100521,0.000190719,0.000423547,0.001299602,0.019324823,0.101641016,0.202596636,1.407748434,22.05641922,46.70629079,49.1889083,51.10293003,54.62321198,59.10210412,61.17210675,63.82706238,66.52502813,69.07766185,72.05059739,74.67001823,77.00100573,79.99349103,83.40420414,87.99552954,90.604907,91.44702802,92.99861992,94.32422802,95.05372144,95.19546462,95.27127071,95.19988155,96.30768658,98.24382663,100.1294248,100
CY,,,,,,,,,2.264995136,2.212979936,2.220854639,2.191986608,2.219535176,2.167089371,2.133906029,2.113834889,2.124387255,2.120733053,2.121814764,2.165431154,2.196168599,2.127392035,2.136147698,2.15863798,2.171910346,2.14706139,2.134629748,2.157853272,2.173293641,2.224624627,2.311924556,2.279751527,2.254966892,2.248407742,2.224479123,2.233530713,2.266952634,2.29310898,2.273879786,2.268685865,2.300279011,2.313260477,2.370706477,2.369311168,2.350247752,2.668850629,3.05854194,3.805806825,4.432707634,5.16559313,6.002565291,5.461134292,4.712517431,4.368250693,4.280617655,4.269626811,4.251820478,4.17537107,4.138615151,4.104653456,4.069819553,3.992112322,3.903259073,3.850543264,3.818743646,3.847753221,3.880674893,4.010198257,4.104088459,4.228893745,4.669738499,5.175953522,5.571366398,5.82971049,6.150892729,6.272948369,6.470524641,7.083386283,7.537649785,7.769679777,7.870538556,8.519785354,9.115965962,9.273915376,9.374408388,9.817911445,10.49748477,10.91707833,11.31711195,11.39971968,11.49091744,11.42197193,11.43339391,11.66206178,11.61541354,11.65025978,11.70851108,11.79047065,12.23850854,12.53223274,12.83300633,13.10972285,13.93252949,15.08593787,16.76459933,17.46435151,19.04318848,20.8428661,23.18404225,26.23262838,29.90219739,33.42818393,36.79524806,38.74809369,41.8931477,44.30575736,46.13309604,47.94293779,49.54526068,51.90707745,54.5761522,56.73427522,60.14031719,63.03273474,66.39495219,66.32005391,68.0715674,69.59408805,70.96245353,72.59624648,74.5875133,77.31749227,77.54658254,81.72491616,83.93860756,85.63403301,88.27677633,91.92977002,96.28248517,96.53589887,98.35142504,99.94150498,101.6157565,100.654629,99.31247847,98.5632277,97.99892354,99.01710029,100.0106862,101.1335518,100
CZ,0.110141168,0.113911248,0.122776551,0.125739937,0.124283389,0.120414051,0.118685027,0.119241749,0.11456435,0.114580716,0.115402991,0.1131395,0.112352798,0.112101797,0.110909974,0.106774338,0.103169417,0.106000523,0.104543751,0.106435808,0.106720973,0.10740951,0.1021976,0.103018883,0.102498643,0.105197604,0.10092462,0.101878869,0.102833743,0.105128754,0.105817011,0.102750751,0.103705903,0.105598845,0.107760752,0.113541565,0.115300305,0.120142985,0.120963672,0.122455206,0.127431658,0.133078893,0.134972031,0.135658906,,,,,,,,2.242441714,1.809689804,1.32294565,1.347906889,1.360387508,1.285503792,1.32294565,1.32294565,1.248061934,1.110775121,1.010930166,0.923565831,0.898604592,0.923565831,0.961007689,0.961007689,1.023410786,1.010930166,1.160697599,1.410309985,1.51015494,1.547596798,1.560077417,1.572558037,1.747286707,3.057751738,2.925217607,2.887350712,3.327466466,3.445784515,3.794344102,3.862512825,20.11019119,18.50203228,18.38289725,17.27813584,17.0274629,16.69990543,15.99098286,15.88159478,15.69292376,15.78416169,15.87593007,15.5104479,15.34326332,15.46038401,17.49895837,17.97116971,19.09299304,19.18035294,19.14213845,19.0958978,19.00207402,19.30400852,19.09054239,18.79444597,17.43374725,17.71049526,17.92678566,18.52347817,18.02799418,18.67282856,18.71692392,19.20810363,19.14924326,19.09352549,19.17935842,19.44850816,19.70332117,21.70687769,29.56311516,33.21630693,40.19465538,45.15546634,49.13868458,54.00591744,58.49462313,64.23175452,66.18555364,67.40478004,70.70039182,72.62651751,73.56537694,76.54407239,76.6167466,77.11790082,79.84816895,81.45278277,83.56063473,82.36963331,82.35268826,83.54756077,84.68773829,86.87144238,87.73344699,88.73488095,89.89459643,92.20317466,95.78966797,100
DK,1.380123715,1.40595183,1.407977895,1.527951239,1.540458083,1.511249349,1.525533112,1.4581632,1.375284394,1.333191257,1.442030204,1.427173799,1.394036866,1.377877015,1.324900758,1.286515835,1.233836533,1.204708446,1.214881187,1.272627322,1.298803254,1.331540042,1.295800013,1.265788044,1.227490672,1.219622026,1.198972053,1.213097884,1.259339743,1.269904716,1.334099494,1.328688051,1.320281627,1.305771835,1.292383738,1.339208239,1.359938668,1.401831845,1.385022177,1.375246102,1.403282364,1.421673262,1.496106827,1.536948863,1.589384444,1.949315351,2.440178546,2.756593287,3.392865856,3.671613705,4.454108431,3.594142404,2.913955541,2.940379028,3.191473757,3.06069653,2.597830609,2.451178449,2.423538355,2.423984104,2.248955816,2.093688973,2.047489547,2.136458536,2.248043697,2.350664019,2.405288291,2.506831352,2.575118982,2.658890378,3.280179431,4.134286477,4.550648182,4.639773254,4.662802756,5.080903618,4.649642236,4.852739243,5.097321972,5.217723815,5.566357379,5.991603294,6.29359273,6.311110889,6.391597574,6.575197172,6.881429025,6.983571101,7.105098235,7.360032844,7.493676217,7.960935055,8.538774979,8.757260772,9.259140181,9.865095259,10.52999546,10.99905826,11.61861062,12.45071007,13.57516597,14.58589321,15.9863763,17.68416381,20.03017125,22.7053895,24.83516118,27.03949568,29.46080703,31.54333144,34.32248661,37.99285175,41.84705988,44.93785836,47.61581168,49.65902095,50.80888394,53.22469367,55.32423641,58.07123299,59.58248772,61.16707257,62.17991027,62.54052412,63.5195841,64.33418271,65.63000191,66.95170204,67.77668889,68.91855762,70.9984883,72.78648822,74.49526926,75.59913965,77.18353849,79.42678225,81.07584531,83.04782186,86.48162062,86.93912811,89.74210162,90.31523548,92.46038529,93.28159469,94.24438159,94.65247939,94.89346746,96.01764569,96.73571857,97.45362078,100
EE,,,,,,,,,,,,,,,,,,,,,,,,,,,,,,,,,,,,,,,,,,,,7.50059E-06,,,,,,,,,0.001695134,0.001710136,0.001596226,0.001805495,0.001786317,0.0017294,0.001843448,0.001900352,0.001691414,0.001520135,0.001387315,0.001292199,0.001292213,0.00129219,0.001463339,0.001539398,0.001615299,0.001660747,,,,,,,,,,,,,,,,,,,,,,,,,,,,,,,,,,,,,,,,,,,,,,,,,,,0.341548649,0.843027382,8.321172066,14.94951075,20.87257571,27.33039317,33.49133891,36.81413052,39.35183977,41.8949646,43.43809251,46.39266302,48.64605201,50.53767468,52.90834223,56.04251264,61.07400593,68.62177739,73.29016339,73.00511465,74.33541448,78.40462819,81.59726008,84.88646768,87.36146639,88.26696976,90.19759198,93.43594523,97.196519,100.2960758,100
FI,0.019182791,0.020054736,0.020752292,0.021449848,0.022815895,0.022408987,0.022641506,0.022408987,0.019705958,0.018630559,0.020519773,0.021188264,0.020694162,0.020170995,0.019705958,0.018892142,0.017584225,0.017264512,0.017409836,0.018659624,0.018688688,0.019909411,0.020025671,0.019473439,0.018659624,0.01839804,0.018717753,0.019735022,0.020810421,0.02200208,0.022554311,0.022176469,0.022089274,0.022815895,0.022438052,0.023164673,0.023716905,0.024298201,0.024443526,0.024123812,0.024443526,0.025228276,0.025780508,0.025635184,0.026448999,0.030576206,0.042347464,0.078213469,0.129396642,0.170174605,0.242284458,0.276319379,0.274837073,0.274691749,0.283527458,0.28942762,0.290648343,0.301838304,0.305035436,0.292275973,0.268006837,0.24379583,0.246905767,0.248155555,0.252689669,0.255043921,0.263123945,0.293176983,0.300588516,0.305529538,0.36921059,0.44280275,0.547203635,0.628933948,0.705229138,1.151868446,1.600832941,2.1270227,2.718521142,2.772552669,3.291999387,4.423784033,4.441455452,4.340862061,4.427911239,4.663685175,5.03359332,5.261810399,5.662120361,5.756581073,5.928470502,6.245131872,6.493316491,6.827503956,7.317420802,7.685003761,8.048052605,8.640539252,9.682949532,10.08477087,10.47290266,11.27096488,12.21542667,13.93507665,17.06794607,19.54072404,22.07818858,24.15331908,25.9405543,28.07211556,30.78385224,34.3649982,37.47572318,40.54533673,43.96832619,46.26222335,48.45998064,50.53578521,54.41841984,57.9722781,60.98380361,61.90567828,62.45499648,63.55803748,64.73050831,67.45003243,67.39715144,68.7990122,70.93048486,71.58798229,72.7604705,75.16422498,75.8740091,76.01817341,76.47656172,77.18714442,77.89736017,80.04234487,82.47340259,83.93655612,84.20765142,86.41698058,88.98682516,91.26366694,92.75277612,94.25244707,94.33467027,95.10780687,97.01209438,98.46277481,100
FR,0.03591447,0.037232334,0.035920625,0.037534221,0.03570063,0.034878245,0.035591451,0.03519231,0.034725794,0.03404413,0.03462489,0.034741663,0.034889523,0.034029912,0.032894927,0.032281502,0.031923949,0.031589886,0.031945302,0.033301685,0.034311203,0.034001106,0.032444588,0.031297757,0.030453895,0.02974631,0.030050544,0.032213262,0.032210854,0.031118062,0.031690733,0.030358873,0.031821874,0.033106797,0.03205386,0.031663551,0.033330544,0.034758924,0.033663331,0.03472532,0.037720783,0.037874588,0.03828153,0.038686594,0.037831642,0.0492782,0.064034192,0.085743645,0.107926128,0.108158113,0.149919488,0.119245814,0.1176614,0.135771336,0.138700986,0.157576253,0.200486921,0.192677083,0.19539051,0.19195914,0.190586253,0.181273534,0.172728402,0.150700872,0.140713518,0.128315269,0.149025605,0.19821171,0.209654854,0.22292905,0.29729846,0.369575897,0.437513812,0.516229761,0.590669806,0.847779337,1.483900155,2.293756776,4.016188449,4.521645568,4.934150425,5.875352355,6.639419673,6.655754755,6.695426161,6.833231092,7.173990934,7.675493311,8.629043298,9.171426481,9.411231583,9.719146078,10.19502401,10.75840283,11.18808336,11.52393659,11.86641312,12.22731439,12.76522747,13.7093416,14.45303763,15.30582309,16.34738026,17.6322158,19.71853438,22.43050332,24.84160494,27.02149493,29.52884411,32.57335418,36.38018168,40.63374251,45.54829818,49.94386605,53.47366326,56.38998775,59.2405984,60.69546515,62.63371496,64.69138754,66.41034303,68.10187082,69.44147258,70.56885695,71.2215691,72.02261442,73.00073774,73.64183144,74.34162228,74.49313878,75.65023347,77.16954298,78.76496597,80.22949672,81.53136106,83.11008655,84.90138102,87.07200115,89.13305973,89.19244686,90.1465362,91.00108949,92.05836294,92.77466954,93.30992766,94.37202677,94.86517662,95.35997182,96.30615687,97.53751983,100
DE,5.949043485,6.219103825,6.674348397,7.037000854,7.075580902,6.689780417,6.635768349,6.489164164,6.327127961,6.07249964,6.34255998,6.249967864,6.288547912,6.126511708,6.064783631,5.925895456,5.887315407,5.918179446,6.041635601,6.226819834,6.388856038,6.34255998,6.381140029,6.003055553,5.925895456,5.949043485,6.041635601,6.188239786,6.219103825,6.458300126,6.674348397,6.535460223,6.45301715,6.43819235,6.43055094,6.730129451,6.90230224,6.969617328,6.834850128,6.999599299,7.224182396,7.246568529,7.433654986,7.486185784,7.860495073,10.51606773,11.25962808,13.2778633,16.14588177,30.91086576,110.4718226,142.1262487,,,9.966889758,10.54636009,10.79283239,11.03087164,11.44069075,11.65500867,11.59333495,10.93722038,9.852102152,9.381616265,9.463290656,9.400639438,9.363616201,9.428885095,9.588992393,9.741232285,9.416497834,8.991897147,8.865545214,8.999992184,9.470626761,,12.08198299,12.8493233,14.86304042,15.83835259,15.33317993,17.15824305,17.94452422,17.69809062,17.62568845,17.96757622,18.43832015,18.94789757,19.48744333,19.79233648,20.37875982,21.34336074,22.17861851,22.86330318,23.55470943,24.43264188,25.27391873,25.6699573,26.25896897,27.35403871,29.46023278,31.70549624,33.14234403,35.23015054,37.79324622,39.93484726,41.25517096,42.53437758,44.04257932,45.92678282,48.43033874,50.45242103,52.76367597,54.24524756,55.32426492,56.49975378,58.19448826,58.93918194,59.935526,61.66110979,63.75551788,65.72242645,69.20978738,71.89766305,73.37272141,74.82647303,75.27713767,75.48250592,76.0021768,76.2629671,75.88974446,76.88010188,77.9396063,78.96938609,79.8503653,80.17392471,80.49244067,81.91737696,82.66227653,84.1848259,84.72805043,85.63420292,86.91570921,88.61872851,90.28293481,91.95649057,93.1774448,94.57859061,96.44625021,98.42827501,100
EL,4.4512E-05,5.22052E-05,4.44739E-05,4.0185E-05,4.47609E-05,4.59166E-05,4.3779E-05,5.20648E-05,4.78571E-05,4.48115E-05,4.66632E-05,4.70242E-05,4.85576E-05,5.11961E-05,4.58917E-05,4.15363E-05,4.54651E-05,4.52607E-05,4.49789E-05,4.60205E-05,5.04715E-05,6.22284E-05,6.15487E-05,5.91209E-05,5.15021E-05,5.49922E-05,5.2391E-05,5.6893E-05,5.80709E-05,5.39173E-05,6.46569E-05,7.59634E-05,5.65695E-05,5.62049E-05,4.85449E-05,4.7601E-05,4.99001E-05,5.22763E-05,5.15415E-05,5.42339E-05,5.1846E-05,5.29646E-05,5.27191E-05,5.16888E-05,5.84483E-05,7.10855E-05,9.37084E-05,0.00013908,0.000178588,0.000196046,0.000222185,0.000277074,0.000428161,0.000739149,0.000815973,0.000881406,0.001008765,0.00113764,0.001135826,0.001044909,0.000931763,0.000899527,0.001030364,0.001110457,0.001119225,0.001100646,0.001181557,0.001261161,0.001257416,0.001236459,0.001457615,0.001628507,,,,,0.172843226,0.209152307,0.298401746,0.618939406,0.74395168,0.794634024,0.841742886,0.99329253,1.107276919,1.163139539,1.279519996,1.258982576,1.276069133,1.093366405,1.048105555,1.074878192,1.09707511,1.129698414,1.159681307,1.202530392,1.251736301,1.280128742,1.296999612,1.327001032,1.37462244,1.41551846,1.486954103,1.797881806,2.207447295,2.497064544,2.907444297,3.307345869,3.763364241,4.521708868,5.391660855,6.556908431,8.341223512,10.06053374,12.2656472,14.59930349,17.35594392,20.00319053,23.33969668,26.72371294,32.25300885,38.63515132,44.35269562,50.75223394,56.42729235,61.95256023,66.68302545,71.05307164,74.67931337,77.38468984,78.61723754,81.34894089,84.07318644,86.97667174,89.64048877,91.6487183,94.85190518,98.09834987,102.3603291,104.99073,104.8052825,105.8104005,105.519278,103.3607744,101.3568351,101.059117,100.4744457,100.7611681,100.5946814,100.8446609,100
HU,7.62047E-06,7.88132E-06,8.49469E-06,8.69972E-06,8.59895E-06,8.33124E-06,8.21161E-06,8.25013E-06,7.9265E-06,7.92764E-06,7.98453E-06,7.82792E-06,7.77349E-06,7.75613E-06,7.67366E-06,7.38753E-06,7.13811E-06,7.33399E-06,7.2332E-06,7.36411E-06,7.38384E-06,7.43147E-06,7.07087E-06,7.12769E-06,7.0917E-06,7.27844E-06,6.9828E-06,7.04882E-06,7.11488E-06,7.27367E-06,7.32129E-06,7.10914E-06,7.17523E-06,7.3062E-06,7.45578E-06,7.85574E-06,7.97742E-06,8.31248E-06,8.36926E-06,8.47246E-06,8.81677E-06,9.20749E-06,9.33848E-06,9.386E-06,,,,,,,,,,0.154733581,0.177713815,0.177713815,0.17308931,0.173877353,0.175093628,0.176985322,0.167842449,0.153798476,0.140150223,0.132611354,0.119512189,0.122525853,0.125813885,0.128316251,0.136268311,0.137490229,0.146613009,0.174327497,0.211390363,0.252358264,0.338951787,,,1.112363281,1.164937665,1.069450971,1.126742987,1.443225589,1.578593245,1.74332156,1.737150957,1.75486949,1.92510213,1.83479487,1.783455819,1.937591491,1.97385382,1.973895275,1.962721017,1.95872443,1.974296725,1.929648958,1.987594561,2.010735601,2.072623838,2.165369964,2.22046596,2.268758982,2.316766181,2.378129717,2.350023768,2.373161219,2.5130442,2.590479387,2.679969339,2.860205595,3.020791742,3.176416573,3.3578011,3.524378472,3.747528811,3.968999105,4.117529209,4.457207759,5.126195968,6.044007472,7.64887518,9.591593038,11.65466602,14.13459889,16.88958212,21.40463846,26.09873662,31.38654725,35.70760956,38.6071618,42.30707216,46.98054838,50.78198443,53.54654585,56.27462574,57.75424184,59.87008158,63.12840764,66.16191266,68.94073091,70.68747939,72.0544485,74.13912824,76.22899276,79.04753014,81.24232764,82.31544044,85.63220654,89.782356,94.06096705,100
IS,,,,,,,,,,,,,,,,,,,,,,,,,,,,,,,,0.000626045,0.000622747,0.000641719,0.000641462,0.000648113,0.000665558,0.000692093,0.000707295,0.000719333,0.000728359,0.000737324,0.00075083,0.000796188,0.000846099,0.000988585,0.001270654,0.001866013,0.0025701,0.002852711,0.00363241,0.003008598,0.002473203,0.002323096,0.002509404,0.002387188,0.002140116,0.001972908,0.001929655,0.001912935,0.001900899,0.001798226,0.001739682,0.001709142,0.001719321,0.001754802,0.001811074,0.001904992,0.001945695,0.002055992,0.002822909,0.00386106,0.005194152,0.006305646,0.006597357,0.006785348,0.007802119,0.008207795,0.008128469,0.008426088,0.010007461,0.012640483,0.014282412,0.014933567,0.01522334,0.015971729,0.018548862,0.019604993,0.02094406,0.023170706,0.025182332,0.028641599,0.031692143,0.034371721,0.039925685,0.044964996,0.049674573,0.051052661,0.058019478,0.07016135,0.081695053,0.091929458,0.10877222,0.142995833,0.196946552,0.279347715,0.370787897,0.492095351,0.719686939,1.014149641,1.564014357,2.33334293,3.585140217,6.357014298,8.066888257,10.65494067,13.2725686,15.92230013,19.60386459,24.08737004,27.74352855,30.06158267,31.0999394,31.66955907,32.49347143,33.33964461,34.1662232,35.10719842,36.76239883,38.04867594,39.58005769,43.02500919,45.5514934,45.77554615,47.00004815,48.44100561,52.6150147,54.89489649,61.55654658,68.20755353,72.55159276,74.79827656,77.37199763,79.0157935,82.288354,87.27052045,89.24358486,90.0797916,92.47513893,96.66862745,100
IE,1.05838444,1.113486398,1.183726189,1.172543589,1.131902122,1.102740966,1.05320213,1.093212449,1.013263936,1.024396509,0.96542068,1.009118438,1.017973775,0.984104789,0.917495899,0.854718915,0.804325547,0.802926817,0.856373035,0.849988349,0.864615133,0.969193917,0.881455899,0.834550454,0.818591341,0.816159678,0.764466386,0.798618719,0.807813105,0.806305492,0.88290404,0.876083621,0.885254445,0.901777008,0.903487729,0.899652774,0.879938698,0.980919065,1.033613271,0.985738023,0.969039719,0.987168747,1.013657024,0.969831922,0.953564241,1.06931927,1.218698487,1.519338111,1.777471554,2.066126346,2.458475897,2.146423695,1.629567826,1.640291897,1.706724977,1.795446245,1.748775624,1.731699267,1.714257781,1.693469403,1.585108514,1.47588016,1.415843439,1.360044381,1.43638351,1.407852991,1.389478615,1.489925701,1.471176037,1.548791855,1.782299808,1.986893329,2.198883954,2.400730216,2.478903449,2.55549348,2.575419497,2.824569891,2.989767436,3.051243759,3.049440406,3.167814929,3.445396077,3.666394327,3.6623503,3.74875812,3.803947174,3.902533421,3.835299518,3.902185934,3.947861905,4.094415042,4.311239925,4.416041085,4.76333356,4.985851104,5.142989105,5.375123072,5.65230048,6.314821466,6.889962217,7.616107567,8.635531755,9.954400517,10.56038554,12.68654569,15.35362798,17.39084042,19.22147679,21.85021932,25.06324897,29.43491793,33.90377427,37.53448746,39.92891365,41.99975792,44.75061464,45.73397051,47.21863716,49.82593881,49.46261632,50.35363338,51.76968862,54.44916033,55.37181807,57.05179676,58.36316437,60.6600721,64.64031425,67.47362244,72.1150864,77.06295756,81.06235296,84.23648971,84.67260824,87.27770171,90.26878898,91.35474944,90.89624022,86.6969111,84.11765584,85.37678772,87.32684084,88.14963072,88.09956918,94.88337041,95.5524831,96.43714661,97.12371441,101.2269804,100
IM,,,,,,,,,,,,,,,,,,,,,,,,,,,,,,,,,,,,,,,,,,,,,,,,,,,,,,,,,,,,,,,,,,,,,,,,,,,,,,,,,,,,,,,,,,,,,,,,,,,,,,,,,,,,,,,,,,,21.58135915,22.72994414,23.22353321,24.47081714,25.55663284,27.46798088,29.95365729,32.0175998,33.21584422,33.93209968,34.79444586,35.81045483,36.73068209,37.70192529,38.60191352,39.48742922,40.79236098,42.40031186,43.45314779,44.82923213,47.27191737,48.64124249,50.3734844,56.22844289,77.4450671,82.83979986,87.15309249,91.38416556,88.01797057,89.36975299,88.90302065,88.34550026,90.32159349,92.27355385,93.4730916,95.15562703,100
IT,0.00762453,0.007813226,0.008486546,0.009455438,0.009108643,0.007766429,0.007792378,0.008645046,0.0083343,0.007933313,0.008250558,0.007878356,0.007963362,0.007519848,0.007340116,0.007666088,0.00785415,0.007354786,0.007287531,0.007783301,0.008088172,0.007942989,0.007409974,0.007180432,0.006945302,0.007262074,0.007252869,0.007230178,0.007357503,0.007514916,0.007452747,0.007465342,0.007328591,0.007510645,0.00740529,0.007544121,0.007941168,0.008313541,0.008031163,0.008215398,0.008501675,0.009239358,0.009639586,0.009573738,0.009568121,0.011039982,0.014392808,0.020534422,0.029163418,0.033496062,0.046024883,0.047806681,0.046979266,0.046501319,0.046036062,0.053353215,0.056735362,0.050778228,0.048266286,0.046917894,0.043307184,0.038991978,0.035838288,0.033173598,0.033301707,0.034998252,0.037612066,0.04306958,0.045630858,0.047423928,0.057142202,0.069340082,0.091397232,0.146970481,0.356555552,0.736904858,1.224908208,1.987666029,2.172123972,2.113755698,2.205704409,2.388181175,2.467803101,2.554410905,2.631065339,2.716010428,2.826022529,2.878269002,2.937302473,2.918992211,2.965233009,3.085403173,3.25032524,3.525722446,3.739334096,3.862442575,3.954111589,4.076012197,4.126597132,4.28242139,4.562516571,4.890562965,5.168184447,5.827848226,7.005291152,8.19719756,9.627760884,11.40981109,13.00450678,15.0177978,18.14755819,21.56082556,25.34193669,29.17317073,32.31301437,35.28103547,37.92896842,40.21005131,42.89351077,45.55225685,49.38888057,53.12126696,55.4416653,57.59610171,59.63642838,62.57366828,65.39425347,67.07316899,68.68468348,69.73976845,70.98978264,73.14332302,75.53828548,77.91608562,79.99658822,81.60496595,83.33895226,85.40492053,87.45523939,88.92347203,89.31149897,90.74689282,92.1510208,93.20855528,94.05977426,94.93628304,96.01319279,96.7105781,97.74357478,98.64299023,100
XK,,,,,,,,,,,,,,,,,,,,,,,,,,,,,,,,,,,,,,,,,,,,,,,,,,,,,,,,,,,,,,,,,,,,,,,,,,,,,,,,,,,,,,,,,,,,,,,,,,,,,,,,,,,,,,,,,,,,,,,,,4.23997E-07,4.50928E-07,,,9.383148941,16.2840154,30.13075002,36.41564217,45.30613927,57.9446939,57.12361272,69.49738061,73.3464663,75.3561397,75.0899114,74.56313987,74.93070952,76.73491377,81.48113208,79.1710861,84.23348201,89.54286459,92.70093852,93.02577686,94.51795411,95.09126351,95.83255187,96.2542186,97.69640331,98.63770284,100
LV,,,,,,,,,,,,,,,,,,,,,,,,,,,,,,,,,,,,,,,,,,,,2.91166E-05,,,,,,,,0.001077313,0.001120988,0.001164663,0.001572295,0.001586853,0.001557736,0.001499503,0.001601411,0.001717877,0.001470387,0.001383634,0.001258651,0.001166017,0.001129257,0.001117494,0.001138079,0.001227773,0.001326289,0.001379223,,,,,,0.039157326,0.055218667,0.080657669,0.699186817,0.624491858,0.517814811,0.480296118,0.461813546,0.419393647,0.396275854,0.396406344,0.388450122,0.382488613,0.385540384,0.380787529,0.377470328,0.372388659,0.379318274,0.37466446,0.367306734,0.367497853,0.364121474,0.364067657,0.364383508,0.371775784,0.376046622,0.375707574,0.378311021,0.378224873,0.375801646,0.381526775,0.379169093,0.37600525,0.376736527,0.375168949,0.375150349,0.374938017,0.373824787,0.373554797,0.374145006,0.375373543,0.379915473,0.384537172,0.387847379,0.39066043,0.39066043,1.000947307,10.77027889,18.47457737,25.5582735,32.98885399,37.09116825,39.27497708,41.16970383,41.78341871,43.29554448,44.29034562,46.53757316,48.87293714,52.32527785,58.18832847,65.42683386,78.55243076,87.70779111,79.22969814,78.95691893,84.11469625,87.17592882,88.67148235,90.37175373,90.47656229,91.25853266,93.94803413,97.60647966,100.1196336,100
LI,,,,,,,,,,,,,,,,,,,,,,,,,,,,,,,,,,,,,,,,,,,,,,,,,,,,,,,,,,,,,,,,,,,,,,11.98042196,13.17846415,15.19117504,16.89239496,17.74300492,18.114398,18.24618264,18.13835885,18.95302754,19.51610737,19.36036189,19.06085134,19.9713634,20.48652155,20.34275649,20.48652155,20.6782083,20.98969927,21.39703362,21.79238754,21.64862248,21.96011345,22.35546737,23.32588155,24.12856982,24.87135599,25.72196595,26.95594941,28.03418738,28.71707143,29.44787717,30.50215431,33.01666133,35.73846275,39.15330232,43.63432761,42.80879053,44.63929283,47.80051561,47.17043345,50.25171425,52.79798389,52.42618384,56.92383016,59.40590982,63.40113939,66.54451097,69.3453812,66.271684,70.46027324,72.67542114,76.60167129,81.09828889,84.36132113,87.14683643,87.88964052,89.46809921,90.19763893,90.66189149,90.67515585,91.41795992,92.83724631,93.75248705,94.36264755,94.95954369,95.72887649,96.84308263,97.86443823,98.59397797,100.9815625,100.4907813,101.1805279,101.4192864,100.7162753,100.5040456,100.4775169,99.33678205,98.89905822,99.42963257,100.3581377,100.7295397,100
LT,,,,,,,,,,,,,,,,,,,,,,,,,,,,,,,,,,,,,,,,,,,,2.06324E-06,,,,,,,,,,0.000794349,0.000982105,0.001090425,0.001018211,0.001018211,0.000989326,0.000967662,0.000832189,0.000757679,0.000636721,0.000544794,0.00050899,0.000438351,0.00045093,0.000505119,0.000507055,0.000520602,,,,,,,,,,,,,,,,,,,,,,0.122123304,0.124395842,0.122869644,0.120456708,0.120519385,0.119412115,0.119394467,0.119498049,0.121922315,0.123322918,0.123211729,0.124065518,0.124037266,0.123242579,0.125120111,0.124346919,0.12330935,0.123549169,0.123035089,0.123028989,0.122959356,0.122594277,0.122505734,0.122699291,0.123102184,0.124591692,0.126107358,0.127192927,0.128115455,0.128115455,0.420032616,4.380937271,17.79555589,28.76522496,42.10256911,50.09787193,55.83364761,57.70505079,56.97986815,57.71999316,57.53399631,57.71722383,57.24779152,58.78315866,62.83013133,67.06237433,72.79921552,79.86738312,77.23472734,79.1915728,83.42832246,85.70946505,86.80766079,87.53130608,87.58705804,88.96767334,92.74299309,96.01322313,98.56181562,100
LU,,,,,,,,,,,,,,,,,,,,,,,,,,,,,,,,,,,,,,,,,,,,,0.467892914,,,,1.094773302,,,1.688477286,1.574789289,1.861114614,2.092701274,2.189546605,2.593770593,3.267477241,3.41485057,3.667490563,3.730650561,3.339058572,2.901149251,2.888517252,2.783250588,2.728511923,2.741143922,2.896938585,2.981151916,2.968519916,3.229581242,,,,5.014903858,6.278103822,7.886578444,8.223431767,8.73292242,9.23970113,9.598362711,10.38780302,10.56482568,10.54239154,10.64622712,10.6343629,10.69554772,11.19003942,11.26295039,11.30652441,11.3577174,11.41214609,11.51439402,11.84559103,12.21237204,12.61949138,12.95011028,13.22751711,13.67173907,13.98553236,14.63439687,15.31820687,16.2049483,18.18231668,21.26980265,21.08788182,23.66391085,23.94130045,25.16948551,26.76886175,28.8893193,30.96415267,34.31180509,36.65142246,38.26682871,39.45022455,39.41717588,39.44201943,40.53710235,42.16709272,43.22691498,44.01487236,45.65622004,48.38316118,50.09707284,51.26537179,53.2053999,54.59893095,53.48914859,56.03796321,58.620214,59.08346997,59.94861026,61.25917043,63.16885422,66.21178948,70.48543156,71.81945345,76.56679943,77.23329713,80.82345869,83.61149488,86.34224049,88.30740507,90.77701473,92.79162145,91.76391574,93.73023218,95.35340033,95.90377339,100
MT,,,,,,,,,,,,,,,,,,,,,,,,,,,,,,,,,,,,,,,,,,,,,,,,,,,,,,,,,,,,,,,,,,,,,,,,,,,,,,,,,,,,,,,,,,,20.02181428,20.52462641,20.55924627,20.94501033,21.40166266,21.74456405,21.85831499,22.00998291,22.45839242,22.98263589,23.83659224,23.98751675,23.69408599,25.75233673,26.61857009,28.0461898,29.45598838,30.90538193,32.18949334,34.18732892,38.42401572,41.41353403,42.83886376,42.70799636,42.63255428,42.90391586,44.41314983,45.768403,46.61949367,47.62043379,49.12097787,50.76696,52.57142727,54.07208429,55.99799351,58.64774713,59.39567665,59.94830556,60.42499786,61.01041725,62.14573273,64.89066039,66.66016346,67.90708251,69.34218014,70.68720818,72.2132178,73.86244613,76.2482672,77.78823158,80.25135561,81.15411898,82.8954261,84.7815594,86.7685788,90.43024832,92.23628074,94.17201578,96.25908979,98.54489271,100
MC,,,,,,,,,,,,,,,,,,,,,,,,,,,,,,,,,,,,,,,,,,,,,,,,,,,,,,,,,,,,,,,,,,,,,,,,,,,,,,,,,,,,,,,,,,,,,,,,,,,,,14.33306483,15.17877139,16.21168274,17.48585303,19.55485331,22.24431056,24.63539796,26.79719294,29.28372894,32.3029669,36.07819442,40.296447,45.17020757,49.5292884,53.02978519,55.92190165,58.74884973,60.19163983,62.11380046,64.15439258,65.85907925,67.53656588,68.86504777,69.98307388,70.63036794,71.42476389,72.39476791,73.03053998,73.72452195,73.87478074,75.02227051,76.52896844,78.11114803,79.56352191,80.85457963,82.42020033,84.18461102,86.36271788,88.55813496,89.19225375,90.14701479,91.00137821,92.05924666,92.77618958,93.3105436,94.33695959,94.52355387,95.29927319,96.26827409,97.53835413,100
ME,,,,,,,,,,,,,,,,,,,,,,,,,,,,,,,,,,,,,,,,,,,,,,,,,,,,,,,,,,,,,,,,,,,,,,,,,,,,,,,,,,,,,,,,,,,,,,,,,,,,,,,,,,,,,,,,,,,,,,,,,4.23698E-07,3.98579E-07,,,5.253412257,9.117050857,16.86952349,20.38829205,25.36587971,32.44191978,38.81467722,46.6570851,48.0918659,52.09347883,55.15945477,57.55038799,62.76539191,72.83421849,78.38986534,80.27904755,81.56653057,82.54832041,82.69442813,84.40410274,85.2763103,87.17029817,91.61650932,95.12242781,98.18924039,100.1750221,100
NL,2.941212901,3.073068344,3.388487905,3.545132995,3.534834102,3.215299073,3.175054717,3.187073237,2.999911256,2.946437119,2.978773239,2.961952455,3.02831164,2.771821271,2.695261871,2.526321166,2.454147715,2.493991519,2.541059453,2.578213184,2.695570789,2.729095271,2.547146129,2.520908864,2.469064551,2.41483564,2.450703591,2.405302761,2.504069754,2.526697129,2.684159488,2.615291973,2.560435457,2.609010057,2.705681129,2.683850254,2.801330949,2.835095002,2.72804922,2.739990391,2.806610944,2.986797348,3.04266422,3.028455604,3.519353587,4.02363708,4.483028798,4.755364608,5.670072702,6.171271296,6.807807722,5.911438262,5.345463772,5.027736018,4.927573382,4.842486689,4.573968119,4.52793204,4.495676224,4.588147102,4.427729121,4.357698701,4.004864465,3.867288848,3.873126772,3.678704675,3.509434573,3.624298389,3.780183468,3.896717158,3.841066916,4.56428252,4.713853713,4.867872261,5.061106343,5.284038841,6.931236248,7.7911648,8.261201663,8.982174681,10.01377104,10.86973711,11.10098686,10.85158575,11.3562396,11.80390483,12.38210554,13.08747483,13.23859995,13.47725214,13.94407145,14.6581204,14.7619644,15.46046263,16.82069519,17.85555951,18.94488686,19.77583669,20.59285004,21.63836861,23.08171003,25.10727824,27.42860742,29.83484302,32.54614962,36.00883315,39.19690983,41.70204156,43.94112514,45.73113714,47.67987183,50.72665964,53.07208551,53.80929525,55.05073404,55.52740926,55.64496089,55.06200514,55.51331423,56.26159884,57.13919244,58.92030479,60.3907992,61.35550859,62.6211142,63.91404009,64.57890306,66.28558851,67.66481503,68.53320527,70.8772883,73.84340002,76.62769259,78.29073832,79.23338867,80.80913699,82.87873237,84.59616123,86.54722258,86.73823672,87.55393492,87.72348083,88.99206063,90.13114357,90.35934677,91.05757441,91.47158342,92.62476915,94.88212376,97.75964492,100
MK,,,,,,,,,,,,,,,,,,,,,,,,,,,,,,,,,,,,,,,,,,,,,,,,,,,,,,,,,,,,2.87632E-09,2.44131E-09,2.23525E-09,1.98439E-09,1.93371E-09,1.7583E-09,1.83722E-09,1.89276E-09,2.08073E-09,2.08512E-09,2.15857E-09,3.1149E-09,,,,,,,1.2129E-07,1.43058E-07,1.6193E-07,1.6088E-07,1.62819E-07,7.34945E-07,7.4466E-07,8.22529E-07,8.62887E-07,9.33639E-07,9.39691E-07,9.10694E-07,9.62167E-07,9.93123E-07,1.18066E-06,1.27013E-06,1.37446E-06,1.62189E-06,2.04745E-06,2.36083E-06,2.38588E-06,2.48698E-06,2.67417E-06,3.00878E-06,3.63662E-06,4.14497E-06,4.93108E-06,5.99451E-06,7.21002E-06,8.0758E-06,9.39715E-06,1.07875E-05,1.30678E-05,1.69556E-05,2.39953E-05,3.09086E-05,4.33414E-05,6.67103E-05,0.000119413,0.000226561,0.000503146,0.001543842,0.022956612,0.120742805,0.261525613,3.72351889,18.63669101,42.41869182,49.66859875,51.09150725,53.09936969,53.8377273,55.31195127,59.83546697,62.65904816,63.25032317,64.29500947,64.18829538,67.33103454,69.52102151,72.71384398,76.70674331,76.93309309,78.50340675,81.42556843,82.24201052,85.92955509,87.17255797,88.91902926,92.00021208,94.58287242,98.29638869,99.14980392,100
NO,1.14035592,1.169342594,1.327877954,1.392845771,1.36287671,1.327156312,1.297991378,1.248231708,1.14421672,1.108505661,1.130953035,1.140096739,1.19235664,1.144875567,1.040720431,1.01113847,0.965159993,0.934137692,1.014119862,1.101601206,1.096577979,1.106382417,1.042416906,0.988323636,0.971971685,1.004233891,1.048986071,1.085000304,1.122073959,1.124015247,1.174919087,1.100832844,1.062807535,1.068925053,1.055025822,1.083107852,1.141959526,1.227125402,1.267537254,1.263542757,1.283312351,1.349776991,1.43818638,1.52748259,1.506140734,1.955510848,2.329212094,2.975652887,3.569068532,3.612584145,4.011734119,3.299830544,2.8909833,2.692012336,2.941982437,2.920445449,2.521747024,2.242537035,2.148833678,2.073155797,1.985219459,1.916141988,1.854925027,1.782617522,1.825919657,1.888219293,1.989876637,2.182237621,2.241017617,2.298027804,2.890197656,3.510321269,3.700236364,3.760434813,3.806152754,3.809494544,3.702507765,3.815413988,3.912622308,4.096377041,4.313493311,5.133224061,5.478453821,5.302407528,5.48599528,5.741277976,6.183956246,6.402216414,6.438884001,6.486183987,6.55384148,6.73374123,7.051944494,7.289048585,7.63851757,8.002419139,8.318537223,8.568381779,8.937042006,9.298350125,10.49336751,11.16329836,11.77922984,12.80220657,14.25796524,15.52480085,16.74205664,18.10983254,19.24366698,20.3409821,23.0109519,25.97458398,28.70449646,30.70300757,32.60967664,34.30471734,34.11577973,36.57939641,38.36027423,40.51308337,42.05721904,42.98738028,42.71239047,43.6916403,43.62351824,44.95903239,46.87496722,48.18077442,47.84694083,51.03640374,58.89076677,59.8763919,58.89901505,60.58649385,64.12300269,69.7353409,75.84646384,78.08905264,86.21493733,81.71975928,86.59696737,92.41343112,95.50273873,97.94302049,98.2276468,95.42338008,94.01659725,97.7312913,104.2319939,103.7393956,100
PL,1.42286E-05,1.47157E-05,1.58609E-05,1.62438E-05,1.60556E-05,1.55557E-05,1.53324E-05,1.54043E-05,1.48E-05,1.48022E-05,1.49084E-05,1.4616E-05,1.45143E-05,1.44819E-05,1.4328E-05,1.37937E-05,1.3328E-05,1.36937E-05,1.35055E-05,1.375E-05,1.37868E-05,1.38757E-05,1.32024E-05,1.33085E-05,1.32413E-05,1.359E-05,1.3038E-05,1.31613E-05,1.32846E-05,1.35811E-05,1.367E-05,1.32739E-05,1.33973E-05,1.36418E-05,1.39211E-05,1.46679E-05,1.48951E-05,1.55207E-05,1.56267E-05,1.58194E-05,1.64623E-05,1.71919E-05,1.74364E-05,1.75252E-05,2.11687E-05,,,,,,0.002374031,0.005462572,,,2.69182E-05,3.10244E-05,4.01492E-05,4.51679E-05,4.56241E-05,4.33429E-05,3.69555E-05,3.14806E-05,2.73745E-05,2.4637E-05,2.28121E-05,2.18996E-05,2.28121E-05,2.60058E-05,2.41808E-05,2.41808E-05,2.33747E-05,,,,,0.005573869,0.006683411,0.008903683,0.009259259,0.009680135,0.010406145,0.011405135,0.013047474,0.018514366,0.017347961,0.01693161,0.016762293,0.017667457,0.018144479,0.018344068,0.018674261,0.018804981,0.019275105,0.019429306,0.019662458,0.01983942,0.020077493,0.020378656,0.020704714,0.02099458,0.02122552,0.021295051,0.021259714,0.021989629,0.022829141,0.022944095,0.023701112,0.024547186,0.026216588,0.028431673,0.031028701,0.037786966,0.07993336,0.094534459,0.110837408,0.129281813,0.153824668,0.197309638,0.331409196,1.321314515,7.668424626,11.90568901,16.50431697,21.56170117,29.58999252,37.86877239,44.66717024,50.77160066,56.36745636,59.84227154,63.50660637,65.48792427,66.69957097,67.21718018,70.52201163,72.32679722,73.57691058,76.31182208,79.28367236,82.28500151,83.64345013,86.37907175,88.41890908,88.68851373,89.15135134,90.01971069,90.30023213,91.97954595,93.08478168,96.05788911,100
PT,0.044622501,0.043599902,0.043599902,0.054811306,0.046614449,0.047089299,0.047565751,0.052917977,0.05240421,0.050457042,0.047562607,0.048558282,0.049010688,0.047053161,0.044063595,0.042544161,0.043548676,0.042588458,0.042588458,0.045618467,0.050548507,0.049095616,0.050047773,0.050996546,0.052001113,0.049603521,0.050076436,0.053467616,0.055416061,0.054478675,0.053021748,0.052545979,0.051062208,0.052537112,0.055432444,0.054965317,0.054965317,0.054965317,0.0554605,0.055903004,0.053978551,0.056838009,0.056364754,0.057798971,0.057341862,0.06297179,0.074372319,0.085414758,0.139310267,0.155588749,0.244720781,0.354574849,0.414775462,0.601968134,0.789843124,0.764492661,0.737591825,0.782251104,0.75438886,0.779536435,0.747243717,0.676974657,0.665445007,0.665144068,0.670758604,0.671884308,0.685910045,0.70821658,0.690091577,0.656661148,0.682273611,0.751328911,0.886127532,0.980496466,1.003804984,1.066845451,1.199233529,1.229707639,1.048229605,1.184278189,1.159044762,1.172308856,1.173809174,1.182549048,1.192383295,1.209927587,1.24806013,1.266447065,1.273539169,1.299674311,1.313324957,1.319992738,1.340358421,1.333260143,1.364342913,1.450270372,1.479656698,1.590457411,1.636032276,1.712367348,1.779558116,1.868833762,2.01468816,2.205404698,2.621458837,3.046932284,3.542794236,4.478093603,5.478869356,6.543820179,7.911677675,9.304838086,11.23003993,13.99322058,17.44614908,21.23799225,25.58140233,28.16430069,31.30895523,34.60071767,39.14886107,43.09748823,48.03044037,51.5733722,55.32668981,57.22363046,58.59181235,60.86824575,63.19645013,65.32650045,67.56080237,70.07137454,73.00724208,75.5093304,77.32122246,79.89826447,82.44265075,84.88819792,86.36334354,87.311693,87.87248147,87.63954424,87.29931145,89.26238662,89.89132162,91.7070823,93.28139828,94.69168907,96.40843857,98.09509239,100
RO,3.8468E-10,3.8763E-10,3.93107E-10,3.97742E-10,4.08275E-10,4.28499E-10,4.41982E-10,4.51673E-10,4.57572E-10,4.601E-10,4.61785E-10,4.55886E-10,4.45353E-10,4.28921E-10,4.03219E-10,3.88472E-10,3.80467E-10,3.72462E-10,3.73726E-10,3.77096E-10,3.80046E-10,3.69934E-10,3.43389E-10,3.21059E-10,3.07576E-10,2.99992E-10,3.10525E-10,3.29907E-10,3.44232E-10,3.51395E-10,3.45917E-10,3.37491E-10,3.44232E-10,3.52237E-10,3.58557E-10,3.69512E-10,3.80467E-10,3.87208E-10,3.99006E-10,4.0659E-10,4.04483E-10,4.05747E-10,4.08275E-10,4.21337E-10,4.16702E-10,,,,,,4.57572E-09,5.98719E-09,8.23292E-09,1.17132E-08,1.34701E-08,1.56021E-08,1.59139E-08,1.61625E-08,1.63816E-08,1.6015E-08,1.6015E-08,1.26696E-08,1.03227E-08,9.57277E-09,9.32839E-09,9.91826E-09,1.07736E-08,1.23115E-08,1.24547E-08,1.41148E-08,1.90613E-08,3.35342E-08,5.45083E-08,7.31904E-08,1.14726E-07,7.82001E-07,4.57959E-06,4.40956E-05,,,,,0.008817624,0.009283941,0.009778519,0.010301359,0.01066876,0.010682891,0.011403562,0.011304646,0.011106815,0.0113753,0.011417693,0.011248123,0.011841617,0.011912271,0.011940533,0.011869879,0.012180756,0.01242098,0.012435111,0.012620607,0.012326682,0.012339915,0.012245682,0.011957575,0.012095406,0.012059072,0.012165032,0.012103267,0.01196331,0.012081605,0.013555699,0.013508552,0.013533427,0.013568286,0.013602348,0.013594305,0.013854584,0.013693284,0.015557148,0.045897076,0.137624917,0.450458945,1.076704874,1.456485507,2.097372086,4.935922896,7.311805708,10.93279417,15.65366075,21.59520453,26.50040276,32.63610838,37.68053571,42.20483851,46.68132815,54.06455202,62.72329761,65.28667168,67.63250933,70.18185055,72.82819844,75.30106097,76.65418268,79.14955538,81.0863735,84.88054985,90.13144527,96.25637274,100
SM,,,,,,,,,,,,,,,,,,,,,,,,,,,,,,,,,,,,,,,,,,,,,,,,,,,,,,,,,,,,,,,,,,,,,,,,,,,,,,,,,,,,,,,,,,,,,,,,,,,,,1.90154914,2.075112405,2.272898449,2.745030238,3.482348065,3.988610176,5.018602782,6.098142651,7.173669014,8.7756166,10.96599264,13.13616924,15.50423729,18.05351442,20.64146022,23.16579575,25.61269602,28.01851127,31.13521281,34.18514431,37.81548511,41.29071955,43.44073587,49.25519731,54.73420903,63.00863488,68.71127977,71.56260218,78.27497943,86.71958301,90.94188476,98.62863932,101.2269789,107.7228278,114.8682616,119.7401483,126.777318,133.4896952,137.9779345,124.918355,118.6401207,108.5176796,102.9327833,103.1670787,102.1289813,93.96062432,97.42963194,99.38419092,102.9511294,106.0382917,100
RS,,,,,,,,,,,,,,,,,,,,,,,,,,,,,,,,,,,,,,,,7.0297E-17,7.31538E-17,7.63956E-17,7.74824E-17,7.78767E-17,,,,,,,,,,1.54787E-15,1.56999E-15,1.28944E-15,1.18675E-15,1.15949E-15,1.18744E-15,1.12845E-15,9.57782E-16,8.76939E-16,7.78519E-16,7.58639E-16,6.89822E-16,7.20783E-16,7.42571E-16,8.16319E-16,8.18042E-16,8.46856E-16,1.22205E-15,,,,,,,4.7585E-14,5.61249E-14,6.35287E-14,6.31168E-14,6.38774E-14,2.88336E-13,2.92147E-13,3.22697E-13,3.3853E-13,3.66288E-13,3.68662E-13,3.57286E-13,3.7748E-13,3.89625E-13,4.63201E-13,4.983E-13,5.39233E-13,6.36303E-13,8.0326E-13,9.26207E-13,9.36036E-13,9.75699E-13,1.04914E-12,1.18041E-12,1.42673E-12,1.62616E-12,1.93458E-12,2.35178E-12,2.82865E-12,3.16832E-12,3.68672E-12,4.2322E-12,5.1268E-12,6.65206E-12,9.41389E-12,1.21261E-11,1.70038E-11,2.6172E-11,4.68484E-11,8.88851E-11,1.97396E-10,6.05684E-10,9.0064E-09,4.73701E-08,1.05162E-07,,,1.329524744,2.307327906,4.269310649,5.159834681,6.419554201,8.210346525,14.86012428,27.76260698,33.1788764,37.32203604,40.35384266,46.27294272,51.99030833,56.51444179,61.6488946,66.51157008,70.3219791,76.58703295,81.33492272,85.50369805,87.71429607,89.35709052,90.74202609,93.437784,95.28312657,97.60860695,100
SK,,,,,,,,,,,,,,,,,,,,,,,,,,,,,,,,,,,,,,,,,,,,,,,,,,,,,,,,,,,,,,,,,,,,,,,,,,,,,,,,3.581608638,3.708963474,4.084145025,4.157520276,21.64614887,19.91516348,19.78692926,18.5977894,18.32797079,17.97539545,17.21232744,17.09458462,16.89150345,16.98970987,17.08848725,16.69509062,16.51513697,16.641203,18.83547771,19.34375518,20.55126009,20.6452923,20.60415909,20.55438671,20.45339695,20.77839232,20.54862227,20.22991088,18.76528596,19.06317117,19.2959812,19.93824734,19.40491974,20.09900468,20.14646792,20.6751625,20.61180654,20.55183322,20.64422181,20.93392842,21.20820331,23.36478562,31.43855441,34.98000029,40.35346742,45.78039857,50.30857047,52.59193628,55.11030079,57.7849438,61.95404264,67.83344092,71.30735954,74.11532889,78.06226917,82.54203313,84.64122233,87.09487191,88.0666511,90.5834837,89.53163461,90.00849088,91.51750588,92.67070675,93.14280812,92.96375954,92.76254272,92.28751678,93.4094395,95.30956646,97.68611048,100
SI,,,,,,,,,,,,,,,,,,,,,,,,,,,,,,,,,,,,,,,,,,,,,,,,,,,,,,,,,,,,,,,,,,,,,,,,,,,,,,,,,,,,,,,,,,,,,,,,,,,,,,,,,,,,,,,0.000455035,0.000643959,0.000829491,0.001163149,0.001790297,0.00320467,0.006080199,0.013502875,0.041431922,0.616084279,3.240362445,6.316366495,19.46564147,26.68333007,32.71089071,41.02087807,45.71895437,49.57322429,53.25582031,56.73411163,59.89133655,65.08720516,70.02191601,73.97140186,76.4574699,77.62029845,79.34404157,82.65881798,86.35007632,89.28541693,88.3665059,89.28565119,89.71339165,91.14902916,91.5648076,92.48497378,93.29326691,94.65914117,96.66284583,98.78912982,100
ES,0.118869284,0.118374986,0.11934315,0.117037844,0.124570175,0.120142934,0.12187964,0.122034024,0.123932578,0.127341754,0.124205585,0.127254374,0.132821781,0.13241574,0.126793387,0.128560295,0.133680778,0.123986812,0.125162621,0.115357199,0.116564327,0.116428808,0.107624052,0.107515081,0.104376035,0.106340717,0.110336342,0.114453172,0.114220742,0.113251899,0.117131013,0.115472845,0.11504286,0.122584175,0.129991843,0.126904896,0.122710721,0.124160664,0.118879023,0.11933363,0.117628451,0.119194577,0.1224581,0.12558186,0.127562595,0.139660389,0.154379973,0.170391165,0.208972419,0.222798481,0.244862952,0.218516684,0.212525364,0.209099139,0.221256933,0.221898612,0.217101945,0.214248479,0.207273138,0.209475142,0.218048847,0.219892269,0.21429525,0.208774678,0.222126643,0.224579331,0.2354379,0.268619591,0.305504672,0.326960863,0.372951263,0.410069475,0.466108745,0.479527726,0.531826881,0.570938435,0.693484266,0.79012339,0.850450672,0.91182805,1.102454052,1.28498351,1.301428025,1.407122566,1.519828187,1.589033785,1.817344499,2.053360171,2.294923881,2.39112641,2.421411418,2.481132861,2.632378791,2.83889877,3.016452573,3.292906428,3.562060149,3.866178838,4.094713699,4.304905617,4.695155135,5.063538009,5.49484636,6.145963415,7.125943998,8.321804395,9.69406341,11.96083306,14.42847759,16.87145425,19.12460777,21.48672487,24.40512131,27.3054859,30.27215422,32.87419103,36.45051394,38.61720477,40.90957078,43.73077419,46.93460054,50.18958056,53.55768847,55.98773001,58.15996548,61.02907202,63.14075645,64.6282902,66.28708125,67.97154936,70.23480128,73.12024809,76.10691756,79.10061756,82.17143234,85.54131884,88.9455086,91.9842849,94.05783881,94.19319302,94.33767471,94.31904231,94.21099255,94.58636641,94.37509027,94.88995925,95.19635778,96.43348665,97.63432958,98.90812285,100
SE,1.116265058,1.132630219,1.242655503,1.382792673,1.425683038,1.408685695,1.381588023,1.369920674,1.27482898,1.17924909,1.236275698,1.259619997,1.281772279,1.234469693,1.226538237,1.181480085,1.100525193,1.080817144,1.105048702,1.15930497,1.171835585,1.175485022,1.199025357,1.160335085,1.143566827,1.147715609,1.152578415,1.18892658,1.231049312,1.288468091,1.310784021,1.257391314,1.270065755,1.304934509,1.280353596,1.318518206,1.363627783,1.412571619,1.428692614,1.400685018,1.453263013,1.446048828,1.484860203,1.490400374,1.489854968,1.687371856,2.013723611,2.541794805,3.635487274,4.318196587,4.552778349,3.659460779,2.909271936,2.714666526,2.685743947,2.697365907,2.605827103,2.571139471,2.582356894,2.548619617,2.459779269,2.356119523,2.291848726,2.264879615,2.294556066,2.317447465,2.358934648,2.489783205,2.502527235,2.540479715,2.87271875,3.233019135,3.464858259,3.564455507,3.561631046,3.601012408,3.670544252,3.794106511,4.051722077,4.080851906,4.188603972,5.181902697,5.549956585,5.550284855,5.568628343,5.811160982,6.114114495,6.381660546,6.585212568,6.661301393,6.993383244,7.202660484,7.497919092,7.707287158,8.051867745,8.537475539,9.098253506,9.559427786,9.791757984,10.12941051,10.65171499,11.41987428,12.22293508,13.09035234,14.31649304,16.37486173,18.34452855,20.29675707,22.26122159,24.01964415,26.82099878,29.37854159,31.71728442,34.85048301,37.54646733,39.92665772,42.41732584,44.45043073,47.42423836,51.1585544,55.91393614,60.50171207,61.19626661,62.63949032,64.26062684,66.70985084,67.38299233,68.41093198,68.96708528,69.58631634,70.63412655,72.38834131,73.5086518,74.75847488,75.00743697,75.52227531,76.84951411,79.02119933,81.57772105,83.50206207,84.29329874,85.21071278,86.06403162,86.86218574,88.37752375,90.25217033,91.62906639,93.58548607,95.82865561,98.26929215,100
CH,8.039939338,8.825143124,10.64144263,11.31149541,9.452209545,8.901269032,9.642640814,9.724843739,8.69488118,8.253296685,8.258561451,7.831037799,7.853765182,7.50850474,6.748223675,6.048472823,5.798689237,5.922980555,5.826386546,6.278715367,6.554039072,6.730553005,6.638458779,6.623102374,6.534385965,6.700689944,6.614419227,6.6457442,6.496432809,6.641554391,6.415978313,6.612623641,6.484699794,6.672026227,6.652238848,6.737186589,6.735039991,7.231314894,7.380483736,7.301253581,7.362269577,7.761047058,7.731758832,7.706318844,7.568295854,8.04988019,8.434000776,10.5104515,15.44970539,15.98718412,15.85945554,15.03800538,12.35930979,12.92004594,13.02644922,12.79107848,12.31151221,11.86817635,12.19518402,12.2646982,11.68419088,11.50374068,10.79737369,10.28324691,10.14888745,10.09315413,10.06629114,10.64693768,10.79097813,10.98514339,11.18081479,12.61219285,14.50280966,15.39858118,15.22693378,15.80536113,15.46480325,17.23959708,17.64232192,18.03375134,17.73367204,18.09900011,18.98175757,19.28920233,19.37912898,19.65405547,19.87949328,20.35336706,21.36117773,21.3505249,22.02948124,22.94241561,24.28963189,25.50593516,26.97182968,28.06036583,29.45623448,30.82364796,31.77391778,32.6463851,34.28854787,37.42633518,41.09484927,44.44014485,47.52101075,50.91065657,52.30044328,52.43538464,54.32975188,55.41002775,56.90980131,60.13150524,64.55002623,66.07781679,68.56210973,70.11897049,72.2468067,73.83152127,75.89159638,78.51627174,82.13087277,86.5734302,88.41279499,90.46573818,91.53722077,92.21254037,92.4720128,92.02896222,91.84756283,91.88415461,93.13086982,94.03893266,93.79508767,94.90611382,95.19784038,96.08739177,98.16038885,100.4961581,101.9702293,102.3961904,102.7387246,102.7049528,102.7010952,102.6771571,102.0709919,100.8418646,100.2401235,99.86440307,100.6117898,100.505401,100
UK,0.870261892,0.882893209,0.927484657,0.964919156,0.92527606,0.894456721,0.878987746,0.858686484,0.844340293,0.824950172,0.827885688,0.817124322,0.827393821,0.807843181,0.795473162,0.787991083,0.791924772,0.790562566,0.790965804,0.807225034,0.818683276,0.793044888,0.796308806,0.804692688,0.809640334,0.80037719,0.795742948,0.804400166,0.810155996,0.829291057,0.861834547,0.849841151,0.840601985,0.838156878,0.829236816,0.832611049,0.845070005,0.854820515,0.847652295,0.845716115,0.857493344,0.862332549,0.883747152,0.883227012,0.87612059,0.994888725,1.140157061,1.41872095,1.652415761,1.92561933,2.237624115,2.035790565,1.75672269,1.628387634,1.595719968,1.591622823,1.584985014,1.556486359,1.542784562,1.53012439,1.517139079,1.488171535,1.455049001,1.435397708,1.423543511,1.434357642,1.446630116,1.494913573,1.529913772,1.576438433,1.740775647,1.929481456,2.076882666,2.173187653,2.292917317,2.33841697,2.412069052,2.640530372,2.809869799,2.896365469,2.9339634,3.175988305,3.398231302,3.457111365,3.494572946,3.659901116,3.91323108,4.069646318,4.218770041,4.249564382,4.293811206,4.456162902,4.617121075,4.68542387,4.852933961,5.140724796,5.414974112,5.57485289,5.80942289,6.19416334,6.791320865,7.353131847,7.909866928,8.605610317,9.998827691,12.60935489,14.56908373,16.58516677,18.5464058,21.2243894,25.49340953,28.65435745,30.94755625,32.66273802,34.36675868,36.22152582,37.84381594,39.9177003,42.35204106,45.73934394,49.49659787,52.8537193,54.58759003,56.15551069,56.98381829,58.42793065,60.91792158,60.70520439,61.67442764,62.50228763,63.55909959,64.73558972,66.07137042,67.87982519,69.62437674,71.80772557,73.85306666,75.91837931,78.36944955,79.71444101,80.81147695,82.48211926,83.81163494,85.68801029,87.05076507,87.49592076,89.15931154,90.78091111,92.59565323,94.46155116,100
